id,fname,lname,email,division,department,status,employeeType,title,jobCode,manager
1,Alice,Aardvark,aa@acme.com,Office of the CEO,Office of the CEO,active,regular,CEO,1,1
2,Kim,Palone,Kim.Palone@Training.com,,Marketing,active,,Executive Director,,1
3,Rebecca,Oldham,Rebecca.Oldham@Training.com,,Sales,active,,Marketing Director,,1
4,Linda,Rose,Linda.Rose@Training.com,,Marketing,active,,"Product Manager, Software",,2
5,Kaye,Lantz,Kaye.Lantz@Training.com,,Engineering,active,,Operations Director,,1
6,Annette,Lescarbeau,Annette.Lescarbeau@Training.com,,Marketing,active,,IT Consultant,,2
7,Tony,Murphy,Tony.Murphy@Training.com,,Sales,active,,Network Technician,,3
8,David,Mundy,David.Mundy@Training.com,,Marketing,active,,Supply Chain Analyst,,4
9,Tammie,Matthews,Tammie.Matthews@Training.com,,IT,active,,IT Director,,1
10,Keith,Delton,Keith.Delton@Training.com,,Marketing,active,,Data Entry Specialist,,2
11,Tammy,Mcmillian,Tammy.Mcmillian@Training.com,,Sales,inactive,,HR Generalist,,3
12,Georgette,Calvert,Georgette.Calvert@Training.com,,Marketing,active,,Product Marketing Manager,,4
13,Thomas,Buzbee,Thomas.Buzbee@Training.com,,Engineering,active,,Account Manager,,5
14,Teresa,Becker,Teresa.Becker@Training.com,,Marketing,active,,Sales Engineer,,6
15,Christian,Cannella,Christian.Cannella@Training.com,,Sales,active,,Business Systems Analyst,,7
16,Barbara,Hurt,Barbara.Hurt@Training.com,,Marketing,active,,Logistics Manager,,8
17,Jason,Vanhorn,Jason.Vanhorn@Training.com,,Accounting,active,,Event Planner,,1
18,Robert,Schwartz,Robert.Schwartz@Training.com,,Marketing,active,,IT Consultant,,2
19,Christopher,Peters,Christopher.Peters@Training.com,,Sales,active,,Production Coordinator,,3
20,Justin,Adams,Justin.Adams@Training.com,,Marketing,active,,Financial Planner,,4
21,Joan,Petersen,Joan.Petersen@Training.com,,Engineering,active,,Customer Service Supervisor,,5
22,Kathleen,Hernandez,Kathleen.Hernandez@Training.com,,Marketing,active,,Web Producer,,6
23,Krystle,Loomis,Krystle.Loomis@Training.com,,Sales,active,,Network Technician,,7
24,Jose,Tarlton,Jose.Tarlton@Training.com,,Marketing,active,,Marketing Analyst,,8
25,Jonathan,Flemming,Jonathan.Flemming@Training.com,,IT,active,,Systems Analyst,,9
26,Lenard,Jones,Lenard.Jones@Training.com,,Marketing,active,,HR Coordinator,,10
27,Dorothy,Nixon,Dorothy.Nixon@Training.com,,Sales,active,,Product Development Manager,,11
28,Mitzi,Tran,Mitzi.Tran@Training.com,,Marketing,active,,Technical Program Manager,,12
29,Teri,Rhodes,Teri.Rhodes@Training.com,,Engineering,active,,Supply Chain Analyst,,13
30,Jeffrey,Rogers,Jeffrey.Rogers@Training.com,,Marketing,active,,Content Strategist,,14
31,Fred,Caver,Fred.Caver@Training.com,,Sales,active,,"Technical Writer, Software",,15
32,Adam,Smith,Adam.Smith@Training.com,,Human Resources,active,,Sales Director,,1
33,Eric,Sanders,Eric.Sanders@Training.com,,Marketing,active,,"Product Manager, Software",,2
34,Mark,Coates,Mark.Coates@Training.com,,Sales,active,,"Technical Writer, Software",,3
35,Ruth,Maicus,Ruth.Maicus@Training.com,,Marketing,active,,Technical Support Engineer,,4
36,Jude,Norman,Jude.Norman@Training.com,,Engineering,active,,Business Operations Manager 108,,5
37,Lisa,Stryker,Lisa.Stryker@Training.com,,Marketing,active,,Business Development Manager,,6
38,Pamela,White,Pamela.White@Training.com,,Sales,active,,Logistics Coordinator,,7
39,Catherine,Martin,Catherine.Martin@Training.com,,Marketing,active,,Event Coordinator,,8
40,Jessica,Corns,Jessica.Corns@Training.com,,IT,active,,IT Support Specialist,,9
41,Harry,Huber,Harry.Huber@Training.com,,Marketing,active,,Production Manager,,10
42,Michael,Grubbs,Michael.Grubbs@Training.com,,Sales,active,,Financial Advisor,,11
43,Cheryl,Calderon,Cheryl.Calderon@Training.com,,Marketing,inactive,,Customer Service Manager,,12
44,Patrick,Marc,Patrick.Marc@Training.com,,Engineering,active,,Web Developer,,13
45,Karen,Stapleton,Karen.Stapleton@Training.com,,Marketing,active,,,,14
46,Eugene,Edwards,Eugene.Edwards@Training.com,,Sales,active,,,,15
47,Anita,Urban,Anita.Urban@Training.com,,Accounting,active,,,,17
48,Hazel,Barrios,Hazel.Barrios@Training.com,,Marketing,active,,,,18
49,Theresa,Leventhal,Theresa.Leventhal@Training.com,,Sales,active,,,,19
50,Bethann,Lambert,Bethann.Lambert@Training.com,,Marketing,active,,,,20
51,Sean,Chen,Sean.Chen@Training.com,,Engineering,active,,,,21
52,Zena,Wilson,Zena.Wilson@Training.com,,Marketing,active,,,,22
53,Maura,Wells,Maura.Wells@Training.com,,Sales,inactive,,,,23
54,Norma,Constancio,Norma.Constancio@Training.com,,IT,active,,,,25
55,Emiko,Vandis,Emiko.Vandis@Training.com,,Marketing,active,,,,26
56,Jeffrey,Pinion,Jeffrey.Pinion@Training.com,,Sales,active,,,,27
57,Sandra,Berg,Sandra.Berg@Training.com,,Engineering,active,,,,29
58,James,Dunleavy,James.Dunleavy@Training.com,,Production,active,,,,1
59,Andrew,Allen,Andrew.Allen@Training.com,,Sales,active,,,,3
60,Brian,Millhiser,Brian.Millhiser@Training.com,,Engineering,active,,,,5
61,Richard,Rountree,Richard.Rountree@Training.com,,Marketing,active,,,,6
62,Charmaine,Bennett,Charmaine.Bennett@Training.com,,Sales,active,,,,7
63,Lonnie,Scott,Lonnie.Scott@Training.com,,Marketing,active,,,,8
64,Michael,Scott,Michael.Scott@Training.com,,IT,active,,,,9
65,Murray,Jasso,Murray.Jasso@Training.com,,Marketing,active,,,,10
66,Clarence,Hodge,Clarence.Hodge@Training.com,,Sales,inactive,,,,11
67,Vicki,Myles,Vicki.Myles@Training.com,,Marketing,active,,,,12
68,Ernest,Hayes,Ernest.Hayes@Training.com,,Engineering,active,,,,13
69,Gay,Price,Gay.Price@Training.com,,Marketing,active,,,,14
70,Jeffrey,Hall,Jeffrey.Hall@Training.com,,Sales,active,,,,15
71,Dana,Neumann,Dana.Neumann@Training.com,,Accounting,active,,,,17
72,Thomas,Jesus,Thomas.Jesus@Training.com,,Marketing,active,,,,18
73,Paul,Brooks,Paul.Brooks@Training.com,,Sales,active,,,,19
74,Robert,Jones,Robert.Jones@Training.com,,Marketing,active,,,,20
75,Timothy,Smalls,Timothy.Smalls@Training.com,,Engineering,active,,,,21
76,James,Marshall,James.Marshall@Training.com,,Marketing,active,,,,22
77,Wanda,Davis,Wanda.Davis@Training.com,,Sales,active,,,,23
78,Theresa,Burns,Theresa.Burns@Training.com,,IT,active,,,,25
79,Theresa,Mcclure,Theresa.Mcclure@Training.com,,Marketing,active,,,,26
80,Joe,Cooper,Joe.Cooper@Training.com,,Sales,active,,,,27
81,Rebecca,Ford,Rebecca.Ford@Training.com,,Engineering,active,,,,29
82,Jay,Vaughn,Jay.Vaughn@Training.com,,Human Resources,active,,,,32
83,Mike,Pauly,Mike.Pauly@Training.com,,Marketing,active,,,,33
84,Janice,Roberts,Janice.Roberts@Training.com,,Sales,active,,,,34
85,Nancy,Campbell,Nancy.Campbell@Training.com,,Marketing,active,,,,35
86,Debra,Watson,Debra.Watson@Training.com,,Engineering,active,,,,36
87,Helen,Kreisher,Helen.Kreisher@Training.com,,Marketing,active,,,,37
88,Christopher,Vega,Christopher.Vega@Training.com,,Sales,active,,,,38
89,Brian,Turley,Brian.Turley@Training.com,,IT,active,,,,40
90,Lori,Whiteside,Lori.Whiteside@Training.com,,Marketing,active,,,,41
91,Daniel,Garland,Daniel.Garland@Training.com,,Sales,active,,,,42
92,Chi,Fawver,Chi.Fawver@Training.com,,Engineering,active,,,,44
93,Tony,Cantor,Tony.Cantor@Training.com,,Accounting,active,,,,47
94,Mark,Byrd,Mark.Byrd@Training.com,,Marketing,active,,,,48
95,Elaine,Horton,Elaine.Horton@Training.com,,Sales,active,,,,49
96,Helen,Lindsey,Helen.Lindsey@Training.com,,Engineering,active,,,,51
97,Isiah,Miller,Isiah.Miller@Training.com,,IT,active,,,,54
98,Jack,Bentley,Jack.Bentley@Training.com,,Engineering,active,,,,5
99,Audrey,Macias,Audrey.Macias@Training.com,,Marketing,active,,,,6
100,Michael,Barnes,Michael.Barnes@Training.com,,Sales,active,,,,7
101,Rudy,Mack,Rudy.Mack@Training.com,,Marketing,active,,,,8
102,William,Ferris,William.Ferris@Training.com,,IT,active,,,,9
103,Elaine,Moers,Elaine.Moers@Training.com,,Marketing,active,,,,10
104,Pauline,Grace,Pauline.Grace@Training.com,,Sales,active,,,,11
105,Harry,Sylla,Harry.Sylla@Training.com,,Marketing,active,,,,12
106,Carol,Toborg,Carol.Toborg@Training.com,,Engineering,inactive,,,,13
107,Elizabeth,Jennings,Elizabeth.Jennings@Training.com,,Marketing,active,,,,14
108,John,Garafano,John.Garafano@Training.com,,Sales,active,,,,15
109,George,Hidvegi,George.Hidvegi@Training.com,,Accounting,active,,,,17
110,Elvira,Hidalgo,Elvira.Hidalgo@Training.com,,Marketing,inactive,,,,18
111,Tony,Sumney,Tony.Sumney@Training.com,,Sales,active,,,,19
112,Janae,Jones,Janae.Jones@Training.com,,Marketing,active,,,,20
113,Julia,Little,Julia.Little@Training.com,,Engineering,active,,,,21
114,Jared,Watkins,Jared.Watkins@Training.com,,Marketing,active,,,,22
115,Leslie,Montoya,Leslie.Montoya@Training.com,,Sales,inactive,,,,23
116,Richard,Jarrell,Richard.Jarrell@Training.com,,IT,active,,,,25
117,Allen,Cepeda,Allen.Cepeda@Training.com,,Marketing,active,,,,26
118,James,Roberson,James.Roberson@Training.com,,Sales,active,,,,27
119,Robert,Bautista,Robert.Bautista@Training.com,,Engineering,active,,,,29
120,Issac,Tzeremes,Issac.Tzeremes@Training.com,,Human Resources,active,,,,32
121,Philip,Micciche,Philip.Micciche@Training.com,,Marketing,active,,,,33
122,Elizabeth,Wilson,Elizabeth.Wilson@Training.com,,Sales,active,,,,34
123,Martha,Anderson,Martha.Anderson@Training.com,,Marketing,active,,,,35
124,Donna,Garner,Donna.Garner@Training.com,,Engineering,active,,,,36
125,Naomi,Moore,Naomi.Moore@Training.com,,Marketing,active,,,,37
126,Margaret,Vrba,Margaret.Vrba@Training.com,,Sales,active,,,,38
127,Annette,Stalker,Annette.Stalker@Training.com,,IT,active,,,,40
128,Tomasa,Mendoza,Tomasa.Mendoza@Training.com,,Marketing,active,,,,41
129,Daniel,Daniel,Daniel.Daniel@Training.com,,Sales,active,,,,42
130,Marsha,Moore,Marsha.Moore@Training.com,,Engineering,active,,,,44
131,Gary,Cornett,Gary.Cornett@Training.com,,Accounting,active,,,,47
132,Donna,Ritchey,Donna.Ritchey@Training.com,,Marketing,active,,,,48
133,Valencia,Boyle,Valencia.Boyle@Training.com,,Sales,active,,,,49
134,Sharon,Black,Sharon.Black@Training.com,,Engineering,active,,,,51
135,Arturo,Sortore,Arturo.Sortore@Training.com,,IT,active,,,,54
136,Helen,Tirado,Helen.Tirado@Training.com,,Production,active,,,,58
137,Glenn,Davidson,Glenn.Davidson@Training.com,,Sales,active,,,,59
138,Christopher,Spears,Christopher.Spears@Training.com,,Engineering,active,,,,60
139,Enrique,Lee,Enrique.Lee@Training.com,,Marketing,active,,,,61
140,Virginia,Siever,Virginia.Siever@Training.com,,Sales,inactive,,,,62
141,Nicholas,Lightfoot,Nicholas.Lightfoot@Training.com,,IT,active,,,,64
142,Victor,Snider,Victor.Snider@Training.com,,Marketing,active,,,,65
143,Kevin,Emerson,Kevin.Emerson@Training.com,,Sales,active,,,,66
144,Mattie,Godeaux,Mattie.Godeaux@Training.com,,Engineering,active,,,,68
145,Darlene,Jenkins,Darlene.Jenkins@Training.com,,Accounting,active,,,,71
146,Ryan,Bradley,Ryan.Bradley@Training.com,,Marketing,active,,,,72
147,Tom,Hall,Tom.Hall@Training.com,,Sales,active,,,,73
148,Jimmy,Allen,Jimmy.Allen@Training.com,,Engineering,active,,,,75
149,Melinda,Anderson,Melinda.Anderson@Training.com,,IT,active,,,,78
150,Clifford,Barberio,Clifford.Barberio@Training.com,,Human Resources,active,,,,82
151,Eugene,Cilek,Eugene.Cilek@Training.com,,Marketing,active,,,,83
152,Kay,Smith,Kay.Smith@Training.com,,Sales,active,,,,84
153,Jeffrey,Benninger,Jeffrey.Benninger@Training.com,,Engineering,active,,,,86
154,Henry,Smith,Henry.Smith@Training.com,,IT,active,,,,89
155,Gloria,Hale,Gloria.Hale@Training.com,,Accounting,active,,,,93
156,Earl,Rolle,Earl.Rolle@Training.com,,Engineering,active,,,,5
157,Agnes,Funk,Agnes.Funk@Training.com,,Marketing,active,,,,6
158,Tamara,Johnson,Tamara.Johnson@Training.com,,Sales,active,,,,7
159,Stephen,Castleman,Stephen.Castleman@Training.com,,Sales,active,,,,11
160,Alpha,Mandeville,Alpha.Mandeville@Training.com,,Engineering,active,,,,13
161,Mary,Burnham,Mary.Burnham@Training.com,,Sales,active,,,,15
162,James,Russo,James.Russo@Training.com,,Accounting,active,,,,17
163,Eddie,Pemberton,Eddie.Pemberton@Training.com,,Marketing,active,,,,18
164,Ronald,Robinson,Ronald.Robinson@Training.com,,Sales,active,,,,19
165,Mary,Speer,Mary.Speer@Training.com,,Marketing,active,,,,20
166,Joyce,Price,Joyce.Price@Training.com,,Engineering,active,,,,21
167,Bryan,Robertson,Bryan.Robertson@Training.com,,Marketing,active,,,,22
168,Darron,Presswood,Darron.Presswood@Training.com,,Sales,active,,,,23
169,Wayne,Siciliano,Wayne.Siciliano@Training.com,,IT,active,,,,25
170,Frank,Larsen,Frank.Larsen@Training.com,,Marketing,active,,,,26
171,Edward,Hoover,Edward.Hoover@Training.com,,Sales,active,,,,27
172,Richard,Michael,Richard.Michael@Training.com,,Engineering,active,,,,29
173,Donald,Richardson,Donald.Richardson@Training.com,,Human Resources,active,,,,32
174,Samantha,Lunt,Samantha.Lunt@Training.com,,Marketing,active,,,,33
175,Irvin,Jenkins,Irvin.Jenkins@Training.com,,Sales,active,,,,34
176,Peter,Nails,Peter.Nails@Training.com,,Marketing,active,,,,35
177,Terence,Chapman,Terence.Chapman@Training.com,,Engineering,active,,,,36
178,Estella,Partee,Estella.Partee@Training.com,,Marketing,active,,,,37
179,Michael,Schroth,Michael.Schroth@Training.com,,Sales,active,,,,38
180,Jaqueline,Vonholt,Jaqueline.Vonholt@Training.com,,IT,active,,,,40
181,Robert,Lee,Robert.Lee@Training.com,,Marketing,active,,,,41
182,Louise,Arana,Louise.Arana@Training.com,,Sales,active,,,,42
183,Louise,Mohseni,Louise.Mohseni@Training.com,,Engineering,active,,,,44
184,Joel,Snyder,Joel.Snyder@Training.com,,Accounting,active,,,,47
185,Connie,Peterson,Connie.Peterson@Training.com,,Marketing,active,,,,48
186,Mattie,Gomez,Mattie.Gomez@Training.com,,Sales,active,,,,49
187,Tamara,Kassin,Tamara.Kassin@Training.com,,Engineering,active,,,,51
188,Evelyn,Dodd,Evelyn.Dodd@Training.com,,IT,active,,,,54
189,Charlie,Linder,Charlie.Linder@Training.com,,Production,active,,,,58
190,Chris,Eld,Chris.Eld@Training.com,,Sales,active,,,,59
191,Ralph,Smith,Ralph.Smith@Training.com,,Engineering,active,,,,60
192,Helen,Kelley,Helen.Kelley@Training.com,,Marketing,active,,,,61
193,Bernard,Chase,Bernard.Chase@Training.com,,Sales,active,,,,62
194,Danica,White,Danica.White@Training.com,,IT,active,,,,64
195,Ann,Alfano,Ann.Alfano@Training.com,,Marketing,active,,,,65
196,Willie,Ivey,Willie.Ivey@Training.com,,Sales,active,,,,66
197,Robert,Ragland,Robert.Ragland@Training.com,,Engineering,active,,,,68
198,Jose,Barrett,Jose.Barrett@Training.com,,Accounting,active,,,,71
199,Richard,Kraus,Richard.Kraus@Training.com,,Marketing,active,,,,72
200,James,James,James.James@Training.com,,Sales,active,,,,73
201,Terry,Eccles,Terry.Eccles@Training.com,,Engineering,active,,,,75
202,Emma,Moroni,Emma.Moroni@Training.com,,IT,active,,,,78
203,Frances,Mcglone,Frances.Mcglone@Training.com,,Human Resources,active,,,,82
204,Edwin,Graham,Edwin.Graham@Training.com,,Marketing,active,,,,83
205,Frank,Barnes,Frank.Barnes@Training.com,,Sales,active,,,,84
206,Gabriel,Hassler,Gabriel.Hassler@Training.com,,Engineering,active,,,,86
207,Bonnie,Williams,Bonnie.Williams@Training.com,,IT,active,,,,89
208,Larry,Christmas,Larry.Christmas@Training.com,,Accounting,active,,,,93
209,Leslie,Baggett,Leslie.Baggett@Training.com,,Engineering,active,,,,98
210,David,Flowers,David.Flowers@Training.com,,Marketing,active,,,,99
211,Beth,Hawkins,Beth.Hawkins@Training.com,,Sales,active,,,,100
212,Nikia,Turnbull,Nikia.Turnbull@Training.com,,IT,active,,,,102
213,Jessica,Muniz,Jessica.Muniz@Training.com,,Marketing,active,,,,103
214,Bruce,Silas,Bruce.Silas@Training.com,,Sales,active,,,,104
215,Norman,Page,Norman.Page@Training.com,,Engineering,active,,,,106
216,Kenneth,Rasmussen,Kenneth.Rasmussen@Training.com,,Accounting,active,,,,109
217,Charlotte,Marini,Charlotte.Marini@Training.com,,Marketing,active,,,,110
218,Verna,Nugent,Verna.Nugent@Training.com,,Sales,active,,,,111
219,Julia,Williams,Julia.Williams@Training.com,,Engineering,active,,,,113
220,Mariana,Mckinney,Mariana.Mckinney@Training.com,,IT,active,,,,116
221,Roberta,Garneau,Roberta.Garneau@Training.com,,Human Resources,active,,,,120
222,Zachary,Porter,Zachary.Porter@Training.com,,Marketing,active,,,,121
223,Donna,White,Donna.White@Training.com,,Sales,active,,,,122
224,Cecil,White,Cecil.White@Training.com,,Engineering,active,,,,124
225,Eileen,Raney,Eileen.Raney@Training.com,,IT,active,,,,127
226,Barbara,Paine,Barbara.Paine@Training.com,,Accounting,active,,,,131
227,Annie,Slivka,Annie.Slivka@Training.com,,Production,active,,,,136
228,Martha,Rosenfield,Martha.Rosenfield@Training.com,,Sales,active,,,,137
229,Aurora,Ortiz,Aurora.Ortiz@Training.com,,Engineering,active,,,,138
230,Lorraine,Leggio,Lorraine.Leggio@Training.com,,IT,active,,,,141
231,Manuel,Garcia,Manuel.Garcia@Training.com,,Accounting,active,,,,145
232,Terry,Garcia,Terry.Garcia@Training.com,,Human Resources,active,,,,150
233,Maurice,Nolen,Maurice.Nolen@Training.com,,Sales,active,,,,11
234,Maribel,Marble,Maribel.Marble@Training.com,,Engineering,active,,,,13
235,Michael,Donaldson,Michael.Donaldson@Training.com,,Marketing,active,,,,18
236,Elizabeth,Garis,Elizabeth.Garis@Training.com,,Sales,active,,,,19
237,Matthew,Kupchinsky,Matthew.Kupchinsky@Training.com,,Marketing,active,,,,20
238,Herman,Douglas,Herman.Douglas@Training.com,,Engineering,inactive,,,,21
239,Preston,Solomon,Preston.Solomon@Training.com,,Marketing,active,,,,22
240,Ruth,Vargas,Ruth.Vargas@Training.com,,Sales,active,,,,23
241,Sherri,Prue,Sherri.Prue@Training.com,,Engineering,active,,,,29
242,Lola,Schreckengost,Lola.Schreckengost@Training.com,,Human Resources,active,,,,32
243,Ashley,Harris,Ashley.Harris@Training.com,,Marketing,active,,,,33
244,Richard,Klipfel,Richard.Klipfel@Training.com,,Sales,active,,,,34
245,Derek,Jefcoat,Derek.Jefcoat@Training.com,,Marketing,active,,,,35
246,Shirley,Allen,Shirley.Allen@Training.com,,Engineering,active,,,,36
247,Gerald,Park,Gerald.Park@Training.com,,Marketing,active,,,,37
248,Charlie,Emrick,Charlie.Emrick@Training.com,,Sales,active,,,,38
249,Robert,Taylor,Robert.Taylor@Training.com,,IT,active,,,,40
250,Lana,Cole,Lana.Cole@Training.com,,Marketing,active,,,,41
251,Earl,Miller,Earl.Miller@Training.com,,Sales,active,,,,42
252,Earl,Prater,Earl.Prater@Training.com,,Engineering,active,,,,44
253,Walter,Finley,Walter.Finley@Training.com,,Accounting,active,,,,47
254,Eddie,Naish,Eddie.Naish@Training.com,,Marketing,active,,,,48
255,Patrick,Berg,Patrick.Berg@Training.com,,Sales,active,,,,49
256,Jerome,Williams,Jerome.Williams@Training.com,,Engineering,active,,,,51
257,Doris,Elgin,Doris.Elgin@Training.com,,IT,active,,,,54
258,Matthew,Gonzales,Matthew.Gonzales@Training.com,,Production,active,,,,58
259,Roy,Nguyen,Roy.Nguyen@Training.com,,Sales,active,,,,59
260,Barbara,Beidleman,Barbara.Beidleman@Training.com,,Engineering,active,,,,60
261,Kenneth,Feldman,Kenneth.Feldman@Training.com,,Marketing,inactive,,,,61
262,Robert,Stafford,Robert.Stafford@Training.com,,Sales,active,,,,62
263,Lloyd,Vandam,Lloyd.Vandam@Training.com,,IT,active,,,,64
264,Joshua,Kimbrough,Joshua.Kimbrough@Training.com,,Marketing,active,,,,65
265,Mary,Schwartz,Mary.Schwartz@Training.com,,Sales,active,,,,66
266,Steven,Williams,Steven.Williams@Training.com,,Engineering,active,,,,68
267,Bonnie,Jones,Bonnie.Jones@Training.com,,Accounting,active,,,,71
268,Tommie,Sayer,Tommie.Sayer@Training.com,,Marketing,active,,,,72
269,Dorothy,Jordan,Dorothy.Jordan@Training.com,,Sales,active,,,,73
270,Tara,Pinegar,Tara.Pinegar@Training.com,,Engineering,active,,,,75
271,Desire,Lowe,Desire.Lowe@Training.com,,IT,active,,,,78
272,Jim,Barnes,Jim.Barnes@Training.com,,Human Resources,active,,,,82
273,Leticia,Corona,Leticia.Corona@Training.com,,Marketing,active,,,,83
274,Wendy,Norris,Wendy.Norris@Training.com,,Sales,active,,,,84
275,Hilary,Akers,Hilary.Akers@Training.com,,Engineering,active,,,,86
276,Jon,Pereda,Jon.Pereda@Training.com,,IT,active,,,,89
277,Joseph,Apodaca,Joseph.Apodaca@Training.com,,Accounting,active,,,,93
278,Jaime,Rothschild,Jaime.Rothschild@Training.com,,Engineering,active,,,,98
279,Rita,Turner,Rita.Turner@Training.com,,Marketing,active,,,,99
280,John,Brown,John.Brown@Training.com,,Sales,active,,,,100
281,Emelia,Simpson,Emelia.Simpson@Training.com,,IT,active,,,,102
282,Ingrid,Nelson,Ingrid.Nelson@Training.com,,Marketing,active,,,,103
283,Christine,Silva,Christine.Silva@Training.com,,Sales,active,,,,104
284,Lang,Trosper,Lang.Trosper@Training.com,,Engineering,active,,,,106
285,Keith,Sumpter,Keith.Sumpter@Training.com,,Accounting,active,,,,109
286,Gregory,Blackmon,Gregory.Blackmon@Training.com,,Marketing,active,,,,110
287,Carl,Diaz,Carl.Diaz@Training.com,,Sales,active,,,,111
288,Lorraine,Fairbanks,Lorraine.Fairbanks@Training.com,,Engineering,active,,,,113
289,George,Davis,George.Davis@Training.com,,IT,active,,,,116
290,Dean,Hayes,Dean.Hayes@Training.com,,Human Resources,active,,,,120
291,Carla,Racine,Carla.Racine@Training.com,,Marketing,active,,,,121
292,Paul,Cline,Paul.Cline@Training.com,,Sales,active,,,,122
293,Jimmy,Gent,Jimmy.Gent@Training.com,,Engineering,active,,,,124
294,Jo,Ralston,Jo.Ralston@Training.com,,IT,active,,,,127
295,Holly,Borrego,Holly.Borrego@Training.com,,Accounting,active,,,,131
296,Thomas,Millette,Thomas.Millette@Training.com,,Production,active,,,,136
297,Robert,Kropf,Robert.Kropf@Training.com,,Sales,active,,,,137
298,Derek,Hartry,Derek.Hartry@Training.com,,Engineering,active,,,,138
299,Carl,Carter,Carl.Carter@Training.com,,IT,active,,,,141
300,Brittany,Held,Brittany.Held@Training.com,,Accounting,active,,,,145
301,Michael,Nystrom,Michael.Nystrom@Training.com,,Human Resources,active,,,,150
302,Charlene,Kafer,Charlene.Kafer@Training.com,,Engineering,active,,,,156
303,John,Logan,John.Logan@Training.com,,Marketing,active,,,,157
304,Kenneth,Mitchell,Kenneth.Mitchell@Training.com,,Sales,active,,,,158
305,Daniel,Shively,Daniel.Shively@Training.com,,Sales,active,,,,159
306,John,Trotman,John.Trotman@Training.com,,Engineering,active,,,,160
307,Latonya,Mcatee,Latonya.Mcatee@Training.com,,Accounting,active,,,,162
308,Robert,Hall,Robert.Hall@Training.com,,Marketing,active,,,,163
309,Helen,Diaz,Helen.Diaz@Training.com,,Sales,active,,,,164
310,Alfred,Decker,Alfred.Decker@Training.com,,Engineering,active,,,,166
311,Francis,Richardson,Francis.Richardson@Training.com,,IT,active,,,,169
312,Josie,Edmund,Josie.Edmund@Training.com,,Human Resources,active,,,,173
313,Starla,Pride,Starla.Pride@Training.com,,Marketing,active,,,,174
314,Melanie,Flanagan,Melanie.Flanagan@Training.com,,Sales,active,,,,175
315,David,Gilmore,David.Gilmore@Training.com,,Engineering,active,,,,177
316,Jamie,Darring,Jamie.Darring@Training.com,,IT,active,,,,180
317,Caroline,Fox,Caroline.Fox@Training.com,,Accounting,active,,,,184
318,Janet,Madlung,Janet.Madlung@Training.com,,Production,active,,,,189
319,Matthew,Merritt,Matthew.Merritt@Training.com,,Sales,active,,,,190
320,Yolanda,Romine,Yolanda.Romine@Training.com,,Engineering,active,,,,191
321,Dorothy,Tunis,Dorothy.Tunis@Training.com,,IT,active,,,,194
322,Vicki,Coombe,Vicki.Coombe@Training.com,,Accounting,active,,,,198
323,Mark,Roberson,Mark.Roberson@Training.com,,Human Resources,active,,,,203
324,Richard,Boltz,Richard.Boltz@Training.com,,Engineering,active,,,,209
325,Edwin,Garis,Edwin.Garis@Training.com,,IT,active,,,,212
326,Lee,Upham,Lee.Upham@Training.com,,Accounting,active,,,,216
327,Thelma,Hanson,Thelma.Hanson@Training.com,,Human Resources,active,,,,221
328,Gilbert,Mayberry,Gilbert.Mayberry@Training.com,,Production,active,,,,227
329,Alfonso,Burgess,Alfonso.Burgess@Training.com,,Marketing,active,,,,20
330,Jason,Lyvers,Jason.Lyvers@Training.com,,Engineering,active,,,,21
331,Steven,Bedeau,Steven.Bedeau@Training.com,,Marketing,active,,,,22
332,Linda,Smith,Linda.Smith@Training.com,,Engineering,active,,,,29
333,Bruce,Terrance,Bruce.Terrance@Training.com,,Human Resources,active,,,,32
334,Margaret,Estrada,Margaret.Estrada@Training.com,,Marketing,active,,,,33
335,Mary,Martinez,Mary.Martinez@Training.com,,Sales,active,,,,34
336,Norman,King,Norman.King@Training.com,,Marketing,inactive,,,,35
337,Patricia,Bennett,Patricia.Bennett@Training.com,,Marketing,active,,,,37
338,John,Rose,John.Rose@Training.com,,IT,active,,,,40
339,Kevin,Buchanan,Kevin.Buchanan@Training.com,,Marketing,active,,,,41
340,Harry,Cadena,Harry.Cadena@Training.com,,Accounting,active,,,,47
341,Julius,Glass,Julius.Glass@Training.com,,Marketing,active,,,,48
342,Ann,Erickson,Ann.Erickson@Training.com,,Sales,active,,,,49
343,Beth,Cressman,Beth.Cressman@Training.com,,IT,active,,,,54
344,Myles,Melton,Myles.Melton@Training.com,,Production,active,,,,58
345,Matthew,Brown,Matthew.Brown@Training.com,,Sales,active,,,,59
346,Brian,Hooper,Brian.Hooper@Training.com,,Engineering,active,,,,60
347,Mariko,Basham,Mariko.Basham@Training.com,,Marketing,active,,,,61
348,Cynthia,Paris,Cynthia.Paris@Training.com,,Sales,active,,,,62
349,Jeannine,Johnson,Jeannine.Johnson@Training.com,,IT,active,,,,64
350,Amber,Hernandez,Amber.Hernandez@Training.com,,Marketing,active,,,,65
351,Timothy,Fields,Timothy.Fields@Training.com,,Sales,active,,,,66
352,Hilda,Arnold,Hilda.Arnold@Training.com,,Engineering,inactive,,,,68
353,Judy,Wilson,Judy.Wilson@Training.com,,Accounting,active,,,,71
354,Linda,Church,Linda.Church@Training.com,,Marketing,active,,,,72
355,Kathy,Dorsett,Kathy.Dorsett@Training.com,,Sales,active,,,,73
356,James,Martinez,James.Martinez@Training.com,,Engineering,active,,,,75
357,Willie,Wear,Willie.Wear@Training.com,,IT,active,,,,78
358,Calvin,Balderas,Calvin.Balderas@Training.com,,Human Resources,active,,,,82
359,Alyssa,Taylor,Alyssa.Taylor@Training.com,,Marketing,active,,,,83
360,Victoria,Herring,Victoria.Herring@Training.com,,Sales,active,,,,84
361,William,Flowers,William.Flowers@Training.com,,Engineering,active,,,,86
362,Eva,Michaels,Eva.Michaels@Training.com,,IT,active,,,,89
363,Rosemary,Williamson,Rosemary.Williamson@Training.com,,Accounting,active,,,,93
364,Chris,Burk,Chris.Burk@Training.com,,Engineering,active,,,,98
365,Vicky,Jackson,Vicky.Jackson@Training.com,,Marketing,active,,,,99
366,Myron,Alu,Myron.Alu@Training.com,,Sales,active,,,,100
367,Monica,Jones,Monica.Jones@Training.com,,IT,active,,,,102
368,Barbara,Cash,Barbara.Cash@Training.com,,Marketing,active,,,,103
369,Elizabeth,Glover,Elizabeth.Glover@Training.com,,Sales,active,,,,104
370,Laura,Werth,Laura.Werth@Training.com,,Engineering,active,,,,106
371,Donald,Johnson,Donald.Johnson@Training.com,,Accounting,active,,,,109
372,Donald,Dennison,Donald.Dennison@Training.com,,Marketing,active,,,,110
373,Julia,Guzman,Julia.Guzman@Training.com,,Sales,active,,,,111
374,Alexander,Marks,Alexander.Marks@Training.com,,Engineering,active,,,,113
375,Dwayne,Taylor,Dwayne.Taylor@Training.com,,IT,active,,,,116
376,Matthew,Guzman,Matthew.Guzman@Training.com,,Human Resources,active,,,,120
377,Juanita,Swanson,Juanita.Swanson@Training.com,,Marketing,active,,,,121
378,Kathleen,Talamo,Kathleen.Talamo@Training.com,,Sales,active,,,,122
379,Kaitlyn,Mulcahy,Kaitlyn.Mulcahy@Training.com,,Engineering,active,,,,124
380,Dawn,Slaughter,Dawn.Slaughter@Training.com,,IT,active,,,,127
381,Patricia,Lomeli,Patricia.Lomeli@Training.com,,Accounting,active,,,,131
382,Carol,Patterson,Carol.Patterson@Training.com,,Production,active,,,,136
383,Gary,Vera,Gary.Vera@Training.com,,Sales,active,,,,137
384,Craig,Meeks,Craig.Meeks@Training.com,,Engineering,active,,,,138
385,John,Kubin,John.Kubin@Training.com,,IT,active,,,,141
386,Robert,Boucher,Robert.Boucher@Training.com,,Accounting,active,,,,145
387,Elmer,Dow,Elmer.Dow@Training.com,,Human Resources,active,,,,150
388,Rita,Cooper,Rita.Cooper@Training.com,,Engineering,active,,,,156
389,Andrew,Calderon,Andrew.Calderon@Training.com,,Marketing,active,,,,157
390,James,Sykes,James.Sykes@Training.com,,Sales,active,,,,158
391,Francis,Burke,Francis.Burke@Training.com,,Sales,active,,,,159
392,John,Lavallee,John.Lavallee@Training.com,,Engineering,active,,,,160
393,George,Hudson,George.Hudson@Training.com,,Accounting,active,,,,162
394,Gladys,Lewis,Gladys.Lewis@Training.com,,Marketing,active,,,,163
395,Robert,Vazquez,Robert.Vazquez@Training.com,,Sales,active,,,,164
396,Grover,Acton,Grover.Acton@Training.com,,Engineering,active,,,,166
397,Inez,Lee,Inez.Lee@Training.com,,IT,active,,,,169
398,Albert,Esskew,Albert.Esskew@Training.com,,Human Resources,inactive,,,,173
399,Richard,Barbieri,Richard.Barbieri@Training.com,,Marketing,active,,,,174
400,Mark,Stell,Mark.Stell@Training.com,,Sales,active,,,,175
401,Stacey,Sosa,Stacey.Sosa@Training.com,,Engineering,active,,,,177
402,David,Marriner,David.Marriner@Training.com,,IT,active,,,,180
403,Willard,Lindquist,Willard.Lindquist@Training.com,,Accounting,active,,,,184
404,Kelly,Murphy,Kelly.Murphy@Training.com,,Production,active,,,,189
405,Ann,White,Ann.White@Training.com,,Sales,active,,,,190
406,Mary,Coleman,Mary.Coleman@Training.com,,Engineering,active,,,,191
407,Gregory,Merrifield,Gregory.Merrifield@Training.com,,IT,active,,,,194
408,David,Mattingly,David.Mattingly@Training.com,,Accounting,active,,,,198
409,Mitchell,Stclair,Mitchell.Stclair@Training.com,,Human Resources,active,,,,203
410,Faith,Walser,Faith.Walser@Training.com,,Engineering,active,,,,209
411,Carole,Kenyon,Carole.Kenyon@Training.com,,IT,active,,,,212
412,Christy,Harder,Christy.Harder@Training.com,,Accounting,active,,,,216
413,Mary,Zocklein,Mary.Zocklein@Training.com,,Human Resources,active,,,,221
414,Margaret,Towe,Margaret.Towe@Training.com,,Production,inactive,,,,227
415,Joseph,Taylor,Joseph.Taylor@Training.com,,Sales,active,,,,233
416,Jon,Davis,Jon.Davis@Training.com,,Engineering,active,,,,234
417,Sharon,Frye,Sharon.Frye@Training.com,,Marketing,active,,,,235
418,John,Diaz,John.Diaz@Training.com,,Sales,active,,,,236
419,Yvonne,Smith,Yvonne.Smith@Training.com,,Engineering,active,,,,238
420,Cynthia,Gibson,Cynthia.Gibson@Training.com,,Human Resources,active,,,,242
421,Michael,Reddy,Michael.Reddy@Training.com,,Marketing,active,,,,243
422,Lloyd,Gourley,Lloyd.Gourley@Training.com,,Sales,active,,,,244
423,William,Barras,William.Barras@Training.com,,Engineering,active,,,,246
424,Brenna,Brimfield,Brenna.Brimfield@Training.com,,IT,active,,,,249
425,Greg,Taylor,Greg.Taylor@Training.com,,Accounting,active,,,,253
426,Paul,Boudreau,Paul.Boudreau@Training.com,,Production,active,,,,258
427,Dwayne,Mele,Dwayne.Mele@Training.com,,Sales,active,,,,259
428,Genevieve,Wilmoth,Genevieve.Wilmoth@Training.com,,Engineering,active,,,,260
429,William,Kjelland,William.Kjelland@Training.com,,IT,active,,,,263
430,Robert,Hall,Robert.Hall1@Training.com,,Accounting,active,,,,267
431,Joyce,Jordan,Joyce.Jordan@Training.com,,Human Resources,active,,,,272
432,Sally,Williams,Sally.Williams@Training.com,,Engineering,active,,,,278
433,Michael,West,Michael.West@Training.com,,IT,active,,,,281
434,Veronica,Mitchell,Veronica.Mitchell@Training.com,,Accounting,active,,,,285
435,Dustin,Wurster,Dustin.Wurster@Training.com,,Human Resources,active,,,,290
436,Nancy,Komara,Nancy.Komara@Training.com,,Production,active,,,,296
437,Jean,Hutchison,Jean.Hutchison@Training.com,,Engineering,active,,,,302
438,Sally,Loper,Sally.Loper@Training.com,,Accounting,active,,,,307
439,Nolan,Perkins,Nolan.Perkins@Training.com,,Human Resources,active,,,,312
440,Jonathan,Kotas,Jonathan.Kotas@Training.com,,Production,active,,,,318
441,Barbara,Weil,Barbara.Weil@Training.com,,Human Resources,active,,,,32
442,Robert,Whitemore,Robert.Whitemore@Training.com,,Marketing,active,,,,33
443,Lori,Brown,Lori.Brown@Training.com,,Sales,active,,,,34
444,Leonard,Burgess,Leonard.Burgess@Training.com,,Marketing,active,,,,35
445,Ashley,Smallwood,Ashley.Smallwood@Training.com,,IT,active,,,,40
446,Steven,Rauer,Steven.Rauer@Training.com,,Marketing,active,,,,48
447,Lauren,Taylor,Lauren.Taylor@Training.com,,Sales,active,,,,49
448,Victoria,Flower,Victoria.Flower@Training.com,,IT,active,,,,54
449,Lisa,Manzo,Lisa.Manzo@Training.com,,Engineering,active,,,,60
450,Michael,Creek,Michael.Creek@Training.com,,Marketing,active,,,,61
451,Joseph,Pockrus,Joseph.Pockrus@Training.com,,Sales,active,,,,62
452,Steven,Harris,Steven.Harris@Training.com,,IT,active,,,,64
453,Pam,Barton,Pam.Barton@Training.com,,Marketing,active,,,,65
454,Lynda,Corley,Lynda.Corley@Training.com,,Sales,active,,,,66
455,Michael,Dejesus,Michael.Dejesus@Training.com,,Engineering,active,,,,68
456,Connie,Menges,Connie.Menges@Training.com,,Accounting,active,,,,71
457,Melvin,Torrez,Melvin.Torrez@Training.com,,Engineering,active,,,,75
458,William,Brown,William.Brown@Training.com,,IT,active,,,,78
459,Crystal,Thomas,Crystal.Thomas@Training.com,,Human Resources,active,,,,82
460,Charles,Northrop,Charles.Northrop@Training.com,,Marketing,active,,,,83
461,George,Grier,George.Grier@Training.com,,Sales,active,,,,84
462,Bernice,Montalvo,Bernice.Montalvo@Training.com,,Engineering,active,,,,86
463,Harrison,Shirley,Harrison.Shirley@Training.com,,IT,active,,,,89
464,Marilyn,Mujalli,Marilyn.Mujalli@Training.com,,Accounting,active,,,,93
465,Ann,Woolwine,Ann.Woolwine@Training.com,,Engineering,active,,,,98
466,Lynda,Holt,Lynda.Holt@Training.com,,Marketing,active,,,,99
467,Rachel,Steverson,Rachel.Steverson@Training.com,,Sales,active,,,,100
468,Trinh,Knowles,Trinh.Knowles@Training.com,,IT,active,,,,102
469,Keith,Carson,Keith.Carson@Training.com,,Marketing,active,,,,103
470,Richard,Barnfield,Richard.Barnfield@Training.com,,Sales,active,,,,104
471,Donald,Weaver,Donald.Weaver@Training.com,,Engineering,active,,,,106
472,Judith,Wafer,Judith.Wafer@Training.com,,Accounting,active,,,,109
473,Michael,Greeley,Michael.Greeley@Training.com,,Marketing,inactive,,,,110
474,Jose,Brown,Jose.Brown@Training.com,,Sales,active,,,,111
475,Rebecca,Crosby,Rebecca.Crosby@Training.com,,Engineering,active,,,,113
476,Ashley,Brown,Ashley.Brown@Training.com,,IT,active,,,,116
477,Mary,Cole,Mary.Cole@Training.com,,Human Resources,inactive,,,,120
478,Lisa,Serrano,Lisa.Serrano@Training.com,,Marketing,active,,,,121
479,Crystal,Oliver,Crystal.Oliver@Training.com,,Sales,active,,,,122
480,George,Gorden,George.Gorden@Training.com,,Engineering,active,,,,124
481,Leah,Gales,Leah.Gales@Training.com,,IT,active,,,,127
482,Ivy,Howley,Ivy.Howley@Training.com,,Accounting,active,,,,131
483,Merle,Rozanski,Merle.Rozanski@Training.com,,Production,active,,,,136
484,Fernando,Foster,Fernando.Foster@Training.com,,Sales,active,,,,137
485,Emily,Kirkpatrick,Emily.Kirkpatrick@Training.com,,Engineering,active,,,,138
486,Juana,Moses,Juana.Moses@Training.com,,IT,active,,,,141
487,Pat,Howard,Pat.Howard@Training.com,,Accounting,active,,,,145
488,Richard,Malave,Richard.Malave@Training.com,,Human Resources,active,,,,150
489,Stephanie,Lambes,Stephanie.Lambes@Training.com,,Engineering,active,,,,156
490,David,Bains,David.Bains@Training.com,,Marketing,active,,,,157
491,Ruben,Chapman,Ruben.Chapman@Training.com,,Sales,active,,,,158
492,Benjamin,Crawford,Benjamin.Crawford@Training.com,,Sales,active,,,,159
493,Alan,Northrup,Alan.Northrup@Training.com,,Engineering,active,,,,160
494,Allen,Lewis,Allen.Lewis@Training.com,,Accounting,active,,,,162
495,Oswaldo,Rogers,Oswaldo.Rogers@Training.com,,Marketing,active,,,,163
496,Louise,Pennington,Louise.Pennington@Training.com,,Sales,active,,,,164
497,Yesenia,Carrillo,Yesenia.Carrillo@Training.com,,Engineering,active,,,,166
498,Johnnie,Myhre,Johnnie.Myhre@Training.com,,IT,active,,,,169
499,Mary,Grosvenor,Mary.Grosvenor@Training.com,,Human Resources,active,,,,173
500,Robert,Mcmullen,Robert.Mcmullen@Training.com,,Marketing,active,,,,174
501,David,Quirin,David.Quirin@Training.com,,Sales,active,,,,175
502,Numbers,Schupbach,Numbers.Schupbach@Training.com,,Engineering,active,,,,177
503,Denise,Rauch,Denise.Rauch@Training.com,,IT,active,,,,180
504,Clara,Centeno,Clara.Centeno@Training.com,,Accounting,active,,,,184
505,James,Butler,James.Butler@Training.com,,Production,active,,,,189
506,Douglas,Merrick,Douglas.Merrick@Training.com,,Sales,active,,,,190
507,Clayton,Bailey,Clayton.Bailey@Training.com,,Engineering,active,,,,191
508,Monica,Egan,Monica.Egan@Training.com,,IT,active,,,,194
509,Jay,Gonzalez,Jay.Gonzalez@Training.com,,Accounting,active,,,,198
510,Randy,Lee,Randy.Lee@Training.com,,Human Resources,active,,,,203
511,Ursula,Baugus,Ursula.Baugus@Training.com,,Engineering,active,,,,209
512,Karen,Barnwell,Karen.Barnwell@Training.com,,IT,active,,,,212
513,Mike,Kunkle,Mike.Kunkle@Training.com,,Accounting,active,,,,216
514,Yulanda,Fulton,Yulanda.Fulton@Training.com,,Human Resources,active,,,,221
515,Cynthia,Williams,Cynthia.Williams@Training.com,,Production,active,,,,227
516,Marita,Torres,Marita.Torres@Training.com,,Sales,active,,,,233
517,Fay,Galloway,Fay.Galloway@Training.com,,Engineering,active,,,,234
518,Patricia,Davis,Patricia.Davis@Training.com,,Marketing,active,,,,235
519,Arthur,Brown,Arthur.Brown@Training.com,,Sales,active,,,,236
520,Eleonora,Vandevelde,Eleonora.Vandevelde@Training.com,,Engineering,active,,,,238
521,Lyle,Lee,Lyle.Lee@Training.com,,Human Resources,active,,,,242
522,Orlando,Kelly,Orlando.Kelly@Training.com,,Marketing,active,,,,243
523,Melissa,Beyett,Melissa.Beyett@Training.com,,Sales,active,,,,244
524,Douglas,Loucks,Douglas.Loucks@Training.com,,Engineering,active,,,,246
525,Elyse,Suttle,Elyse.Suttle@Training.com,,IT,active,,,,249
526,Patrick,Soule,Patrick.Soule@Training.com,,Accounting,active,,,,253
527,Deborah,Goodman,Deborah.Goodman@Training.com,,Production,active,,,,258
528,Sandra,Kaliher,Sandra.Kaliher@Training.com,,Sales,active,,,,259
529,George,Kennedy,George.Kennedy@Training.com,,Engineering,active,,,,260
530,Steven,Hamner,Steven.Hamner@Training.com,,IT,active,,,,263
531,Sylvester,Bang,Sylvester.Bang@Training.com,,Accounting,active,,,,267
532,Caroline,Gray,Caroline.Gray@Training.com,,Human Resources,active,,,,272
533,Laura,Rogers,Laura.Rogers@Training.com,,Engineering,active,,,,278
534,Michael,Gomez,Michael.Gomez@Training.com,,IT,active,,,,281
535,Sally,Tuck,Sally.Tuck@Training.com,,Accounting,active,,,,285
536,Gary,Johnson,Gary.Johnson@Training.com,,Human Resources,active,,,,290
537,Agustin,Neuman,Agustin.Neuman@Training.com,,Production,active,,,,296
538,Benjamin,Pendleton,Benjamin.Pendleton@Training.com,,Engineering,active,,,,302
539,James,Bailey,James.Bailey@Training.com,,Accounting,active,,,,307
540,David,Mercedes,David.Mercedes@Training.com,,Human Resources,inactive,,,,312
541,Jeanne,Otoole,Jeanne.Otoole@Training.com,,Production,active,,,,318
542,Charles,Rouse,Charles.Rouse@Training.com,,Engineering,active,,,,330
543,James,Bartlett,James.Bartlett@Training.com,,Human Resources,active,,,,333
544,Katharine,Martin,Katharine.Martin@Training.com,,Marketing,active,,,,334
545,Frank,Robinson,Frank.Robinson@Training.com,,Sales,active,,,,335
546,Alan,Phelps,Alan.Phelps@Training.com,,IT,active,,,,338
547,Michael,Bradford,Michael.Bradford@Training.com,,Accounting,active,,,,340
548,Gloria,Sims,Gloria.Sims@Training.com,,Production,active,,,,344
549,Robert,Reagan,Robert.Reagan@Training.com,,Sales,active,,,,345
550,Heath,Grove,Heath.Grove@Training.com,,Engineering,active,,,,346
551,Janice,Foster,Janice.Foster@Training.com,,IT,active,,,,349
552,Roy,Odell,Roy.Odell@Training.com,,Accounting,active,,,,353
553,Stephen,Johnson,Stephen.Johnson@Training.com,,Human Resources,active,,,,358
554,Barbara,Smith,Barbara.Smith@Training.com,,Engineering,active,,,,364
555,Pedro,Hamilton,Pedro.Hamilton@Training.com,,IT,active,,,,367
556,Luis,Mathis,Luis.Mathis@Training.com,,Accounting,active,,,,371
557,Erika,Volz,Erika.Volz@Training.com,,Human Resources,active,,,,376
558,Mark,Torres,Mark.Torres@Training.com,,Production,active,,,,382
559,Roosevelt,Mullen,Roosevelt.Mullen@Training.com,,Engineering,active,,,,388
560,Stephen,Beumer,Stephen.Beumer@Training.com,,Accounting,active,,,,393
561,Alice,Wheelock,Alice.Wheelock@Training.com,,Human Resources,active,,,,398
562,Rose,Rivett,Rose.Rivett@Training.com,,Production,active,,,,404
563,Robert,Gatling,Robert.Gatling@Training.com,,Human Resources,active,,,,420
564,Frances,Matava,Frances.Matava@Training.com,,Production,active,,,,426
565,Julia,Motte,Julia.Motte@Training.com,,Marketing,active,,,,61
566,Susan,Matos,Susan.Matos@Training.com,,Sales,active,,,,62
567,Trina,Wells,Trina.Wells@Training.com,,IT,active,,,,64
568,Madelyn,Kost,Madelyn.Kost@Training.com,,Marketing,active,,,,65
569,Shannon,Lehman,Shannon.Lehman@Training.com,,Sales,active,,,,66
570,Leah,Shelvey,Leah.Shelvey@Training.com,,Engineering,active,,,,68
571,Amanda,Mahoney,Amanda.Mahoney@Training.com,,IT,active,,,,78
572,Richard,Marx,Richard.Marx@Training.com,,Human Resources,active,,,,82
573,Darrell,Mcmillen,Darrell.Mcmillen@Training.com,,IT,active,,,,89
574,Alberta,Mack,Alberta.Mack@Training.com,,Accounting,active,,,,93
575,James,Terry,James.Terry@Training.com,,Marketing,inactive,,,,99
576,Richard,Segura,Richard.Segura@Training.com,,Sales,active,,,,100
577,Lawrence,Lloyd,Lawrence.Lloyd@Training.com,,Sales,active,,,,104
578,Matilda,Leyh,Matilda.Leyh@Training.com,,Engineering,active,,,,106
579,Laura,Lytch,Laura.Lytch@Training.com,,Marketing,active,,,,110
580,Steven,Lance,Steven.Lance@Training.com,,Sales,active,,,,111
581,Daniel,Solis,Daniel.Solis@Training.com,,IT,active,,,,127
582,Randy,Strickland,Randy.Strickland@Training.com,,Accounting,active,,,,131
583,Brent,Green,Brent.Green@Training.com,,Engineering,active,,,,138
584,Melissa,Cooper,Melissa.Cooper@Training.com,,IT,active,,,,141
585,Lila,Shultz,Lila.Shultz@Training.com,,Accounting,active,,,,145
586,Tiffani,Brock,Tiffani.Brock@Training.com,,Engineering,active,,,,156
587,David,Valliere,David.Valliere@Training.com,,Marketing,active,,,,157
588,Elizabeth,Perez,Elizabeth.Perez@Training.com,,Sales,active,,,,158
589,Charles,Hensley,Charles.Hensley@Training.com,,Sales,active,,,,159
590,Judith,Carrillo,Judith.Carrillo@Training.com,,Engineering,active,,,,160
591,Leslie,Brown,Leslie.Brown@Training.com,,Accounting,active,,,,162
592,Rose,Coleman,Rose.Coleman@Training.com,,Marketing,active,,,,163
593,Robert,Robinson,Robert.Robinson@Training.com,,Sales,active,,,,164
594,Philip,Seger,Philip.Seger@Training.com,,Engineering,active,,,,166
595,Kevin,Holman,Kevin.Holman@Training.com,,IT,active,,,,169
596,Michael,Griggs,Michael.Griggs@Training.com,,Human Resources,active,,,,173
597,William,Watson,William.Watson@Training.com,,Marketing,active,,,,174
598,Valerie,Ortiz,Valerie.Ortiz@Training.com,,Sales,active,,,,175
599,Paul,Lockhart,Paul.Lockhart@Training.com,,Engineering,active,,,,177
600,Kathleen,Foster,Kathleen.Foster@Training.com,,IT,active,,,,180
601,Joseph,Harrison,Joseph.Harrison@Training.com,,Accounting,active,,,,184
602,Jeffrey,Lance,Jeffrey.Lance@Training.com,,Production,active,,,,189
603,Odell,Matier,Odell.Matier@Training.com,,Sales,active,,,,190
604,Linda,Luoma,Linda.Luoma@Training.com,,Engineering,active,,,,191
605,Kathy,Sakamoto,Kathy.Sakamoto@Training.com,,IT,active,,,,194
606,Jean,Lyons,Jean.Lyons@Training.com,,Accounting,active,,,,198
607,Sandra,Naylor,Sandra.Naylor@Training.com,,Human Resources,active,,,,203
608,Gregory,Henry,Gregory.Henry@Training.com,,Engineering,active,,,,209
609,Rosalie,Winkfield,Rosalie.Winkfield@Training.com,,IT,active,,,,212
610,Olivia,Hayward,Olivia.Hayward@Training.com,,Accounting,active,,,,216
611,Maritza,Sporle,Maritza.Sporle@Training.com,,Human Resources,active,,,,221
612,Miguel,Wynn,Miguel.Wynn@Training.com,,Production,active,,,,227
613,Carolyn,Siegmund,Carolyn.Siegmund@Training.com,,Sales,active,,,,233
614,James,Cox,James.Cox@Training.com,,Engineering,active,,,,234
615,Jerry,Kauffman,Jerry.Kauffman@Training.com,,Marketing,active,,,,235
616,Doris,Anderson,Doris.Anderson@Training.com,,Sales,active,,,,236
617,Jennifer,Petruzzelli,Jennifer.Petruzzelli@Training.com,,Engineering,active,,,,238
618,Stephen,Klima,Stephen.Klima@Training.com,,Human Resources,active,,,,242
619,Edward,Davis,Edward.Davis@Training.com,,Marketing,active,,,,243
620,Timothy,Brockman,Timothy.Brockman@Training.com,,Sales,inactive,,,,244
621,Shirley,Paul,Shirley.Paul@Training.com,,Engineering,active,,,,246
622,Joan,Finke,Joan.Finke@Training.com,,IT,active,,,,249
623,Cynthia,Fluitt,Cynthia.Fluitt@Training.com,,Accounting,active,,,,253
624,Frank,Christopher,Frank.Christopher@Training.com,,Production,active,,,,258
625,Jerome,Shaw,Jerome.Shaw@Training.com,,Sales,active,,,,259
626,Ramon,Edwards,Ramon.Edwards@Training.com,,Engineering,active,,,,260
627,Germaine,Boeck,Germaine.Boeck@Training.com,,IT,active,,,,263
628,Barbara,Mccoy,Barbara.Mccoy@Training.com,,Accounting,active,,,,267
629,Barbara,Wainwright,Barbara.Wainwright@Training.com,,Human Resources,active,,,,272
630,Fredrick,Braswell,Fredrick.Braswell@Training.com,,Engineering,active,,,,278
631,Rebecca,Stark,Rebecca.Stark@Training.com,,IT,active,,,,281
632,Daniela,Tuck,Daniela.Tuck@Training.com,,Accounting,active,,,,285
633,Emma,Buckley,Emma.Buckley@Training.com,,Human Resources,active,,,,290
634,Fred,Wichmann,Fred.Wichmann@Training.com,,Production,active,,,,296
635,Cathy,Obryan,Cathy.Obryan@Training.com,,Engineering,active,,,,302
636,Francis,Graziano,Francis.Graziano@Training.com,,Accounting,active,,,,307
637,Inez,Mcnutt,Inez.Mcnutt@Training.com,,Human Resources,active,,,,312
638,Carrie,Munger,Carrie.Munger@Training.com,,Production,active,,,,318
639,John,Love,John.Love@Training.com,,Engineering,inactive,,,,330
640,Louis,Golden,Louis.Golden@Training.com,,Human Resources,active,,,,333
641,Connie,Rodriguez,Connie.Rodriguez@Training.com,,Marketing,active,,,,334
642,Julie,Hildebrant,Julie.Hildebrant@Training.com,,Sales,active,,,,335
643,Aaron,Provencal,Aaron.Provencal@Training.com,,IT,active,,,,338
644,Rosetta,Dworkin,Rosetta.Dworkin@Training.com,,Accounting,active,,,,340
645,Bobbie,Boles,Bobbie.Boles@Training.com,,Production,active,,,,344
646,Kimberly,Evans,Kimberly.Evans@Training.com,,Sales,active,,,,345
647,Sherwood,Mitchell,Sherwood.Mitchell@Training.com,,Engineering,active,,,,346
648,Greg,Carnes,Greg.Carnes@Training.com,,IT,active,,,,349
649,Antonio,Roghair,Antonio.Roghair@Training.com,,Accounting,active,,,,353
650,Joseph,Valencia,Joseph.Valencia@Training.com,,Human Resources,active,,,,358
651,Arthur,Pilcher,Arthur.Pilcher@Training.com,,Engineering,active,,,,364
652,Laura,Morgan,Laura.Morgan@Training.com,,IT,active,,,,367
653,Leonard,Pierce,Leonard.Pierce@Training.com,,Accounting,active,,,,371
654,Barry,Fields,Barry.Fields@Training.com,,Human Resources,active,,,,376
655,Kevin,Hodges,Kevin.Hodges@Training.com,,Production,active,,,,382
656,John,Queen,John.Queen@Training.com,,Engineering,active,,,,388
657,Patricia,Stahl,Patricia.Stahl@Training.com,,Accounting,active,,,,393
658,Bertha,Keller,Bertha.Keller@Training.com,,Human Resources,active,,,,398
659,John,Saballos,John.Saballos@Training.com,,Production,active,,,,404
660,Alfonso,Plaza,Alfonso.Plaza@Training.com,,Human Resources,active,,,,420
661,Jill,Connolly,Jill.Connolly@Training.com,,Production,active,,,,426
662,Herman,Laskoski,Herman.Laskoski@Training.com,,Human Resources,active,,,,441
663,Dorothy,Green,Dorothy.Green@Training.com,,Marketing,active,,,,442
664,Glenda,Kemppainen,Glenda.Kemppainen@Training.com,,Sales,active,,,,443
665,Thomas,Suhr,Thomas.Suhr@Training.com,,IT,active,,,,445
666,Helena,Grupe,Helena.Grupe@Training.com,,Engineering,active,,,,449
667,Dwight,Birden,Dwight.Birden@Training.com,,IT,active,,,,452
668,Faye,Davis,Faye.Davis@Training.com,,Accounting,active,,,,456
669,Jeanette,Taylor,Jeanette.Taylor@Training.com,,Human Resources,active,,,,459
670,Ralph,Mitchell,Ralph.Mitchell@Training.com,,Engineering,active,,,,465
671,Matthew,Lockhart,Matthew.Lockhart@Training.com,,IT,active,,,,468
672,Angel,Taylor,Angel.Taylor@Training.com,,Accounting,active,,,,472
673,Elvira,Pham,Elvira.Pham@Training.com,,Human Resources,active,,,,477
674,Joel,Chamberlain,Joel.Chamberlain@Training.com,,Production,active,,,,483
675,Annie,Martin,Annie.Martin@Training.com,,Engineering,active,,,,489
676,Oscar,Young,Oscar.Young@Training.com,,Accounting,active,,,,494
677,Lynne,Jones,Lynne.Jones@Training.com,,Human Resources,active,,,,499
678,Mallory,Hopper,Mallory.Hopper@Training.com,,Production,active,,,,505
679,Janice,Parks,Janice.Parks@Training.com,,Human Resources,active,,,,521
680,Kirk,Thomas,Kirk.Thomas@Training.com,,Production,active,,,,527
681,Prince,Ring,Prince.Ring@Training.com,,Human Resources,active,,,,543
682,Jeannette,Morton,Jeannette.Morton@Training.com,,Production,active,,,,548
683,Gerry,Highsmith,Gerry.Highsmith@Training.com,,Sales,active,,,,100
684,Charles,Madina,Charles.Madina@Training.com,,Sales,active,,,,104
685,Ola,Carter,Ola.Carter@Training.com,,Engineering,active,,,,106
686,Patricia,Crissler,Patricia.Crissler@Training.com,,Marketing,active,,,,110
687,Latasha,Hyman,Latasha.Hyman@Training.com,,Sales,active,,,,111
688,Ronald,Ernst,Ronald.Ernst@Training.com,,Engineering,active,,,,138
689,Kenneth,Harris,Kenneth.Harris@Training.com,,Accounting,active,,,,145
690,Paul,Grimm,Paul.Grimm@Training.com,,Sales,active,,,,159
691,Dorothy,Richter,Dorothy.Richter@Training.com,,Engineering,active,,,,160
692,William,Svoboda,William.Svoboda@Training.com,,Accounting,active,,,,162
693,James,Turben,James.Turben@Training.com,,Marketing,active,,,,163
694,James,Begley,James.Begley@Training.com,,Sales,active,,,,164
695,Dean,Deluna,Dean.Deluna@Training.com,,Engineering,active,,,,166
696,John,Vernon,John.Vernon@Training.com,,IT,active,,,,169
697,Jessica,Calhoun,Jessica.Calhoun@Training.com,,Human Resources,active,,,,173
698,Sabrina,Casey,Sabrina.Casey@Training.com,,Marketing,active,,,,174
699,Cheri,Balint,Cheri.Balint@Training.com,,Sales,active,,,,175
700,Sandra,Vereb,Sandra.Vereb@Training.com,,IT,active,,,,180
701,Pearl,Cendejas,Pearl.Cendejas@Training.com,,Accounting,active,,,,184
702,Chi,Brugman,Chi.Brugman@Training.com,,Production,active,,,,189
703,Deloris,Kelly,Deloris.Kelly@Training.com,,Sales,active,,,,190
704,Harvey,Martinez,Harvey.Martinez@Training.com,,Engineering,active,,,,191
705,Cynthia,Livesey,Cynthia.Livesey@Training.com,,IT,inactive,,,,194
706,Sybil,Arrowood,Sybil.Arrowood@Training.com,,Accounting,active,,,,198
707,Johnnie,Cervantes,Johnnie.Cervantes@Training.com,,Human Resources,active,,,,203
708,Tammy,Piper,Tammy.Piper@Training.com,,Engineering,active,,,,209
709,Edward,Hatton,Edward.Hatton@Training.com,,Accounting,active,,,,216
710,Denise,Schueler,Denise.Schueler@Training.com,,Sales,active,,,,233
711,Kenneth,Byker,Kenneth.Byker@Training.com,,Engineering,active,,,,234
712,Florence,Hancock,Florence.Hancock@Training.com,,Marketing,active,,,,235
713,Ruth,Summers,Ruth.Summers@Training.com,,Sales,active,,,,236
714,Jean,Hurlbut,Jean.Hurlbut@Training.com,,Engineering,inactive,,,,238
715,Debra,Garcia,Debra.Garcia@Training.com,,Human Resources,active,,,,242
716,Nicole,Newman,Nicole.Newman@Training.com,,Marketing,active,,,,243
717,Concepcion,Holleman,Concepcion.Holleman@Training.com,,Sales,active,,,,244
718,Diane,Allen,Diane.Allen@Training.com,,Engineering,active,,,,246
719,Norris,Hall,Norris.Hall@Training.com,,IT,active,,,,249
720,Marcus,Laird,Marcus.Laird@Training.com,,Accounting,active,,,,253
721,Louise,Schuster,Louise.Schuster@Training.com,,Production,active,,,,258
722,Gertrude,Kraft,Gertrude.Kraft@Training.com,,Sales,active,,,,259
723,Frances,Collins,Frances.Collins@Training.com,,Engineering,active,,,,260
724,Edward,Temple,Edward.Temple@Training.com,,IT,active,,,,263
725,Kenneth,Labbie,Kenneth.Labbie@Training.com,,Accounting,active,,,,267
726,Lisa,Rhodes,Lisa.Rhodes@Training.com,,Human Resources,active,,,,272
727,Jeanette,Aguiar,Jeanette.Aguiar@Training.com,,Engineering,inactive,,,,278
728,Laura,Guerrero,Laura.Guerrero@Training.com,,IT,active,,,,281
729,Charlie,Madden,Charlie.Madden@Training.com,,Accounting,active,,,,285
730,Frances,Leitheiser,Frances.Leitheiser@Training.com,,Human Resources,active,,,,290
731,Barry,Garneau,Barry.Garneau@Training.com,,Production,active,,,,296
732,Erica,Adair,Erica.Adair@Training.com,,Engineering,active,,,,302
733,Annette,Lopez,Annette.Lopez@Training.com,,Accounting,active,,,,307
734,Elsie,Ferebee,Elsie.Ferebee@Training.com,,Human Resources,active,,,,312
735,Harry,Sanders,Harry.Sanders@Training.com,,Production,active,,,,318
736,Lawerence,Felton,Lawerence.Felton@Training.com,,Engineering,active,,,,330
737,Larry,Hallam,Larry.Hallam@Training.com,,Human Resources,active,,,,333
738,Xavier,Reynolds,Xavier.Reynolds@Training.com,,Marketing,active,,,,334
739,Dorothy,Wyman,Dorothy.Wyman@Training.com,,Sales,active,,,,335
740,Fredrick,Saunders,Fredrick.Saunders@Training.com,,IT,active,,,,338
741,Regina,Ramirez,Regina.Ramirez@Training.com,,Accounting,active,,,,340
742,Johnny,Crawford,Johnny.Crawford@Training.com,,Production,active,,,,344
743,Linda,Parker,Linda.Parker@Training.com,,Sales,active,,,,345
744,Glenda,Mcmanis,Glenda.Mcmanis@Training.com,,Engineering,active,,,,346
745,Joseph,Emerson,Joseph.Emerson@Training.com,,IT,active,,,,349
746,Robert,Reeves,Robert.Reeves@Training.com,,Accounting,active,,,,353
747,Joey,Green,Joey.Green@Training.com,,Human Resources,active,,,,358
748,Lonnie,Pinon,Lonnie.Pinon@Training.com,,Engineering,active,,,,364
749,Frieda,Coward,Frieda.Coward@Training.com,,IT,active,,,,367
750,Tina,Berry,Tina.Berry@Training.com,,Accounting,active,,,,371
751,Susan,Johnson,Susan.Johnson@Training.com,,Human Resources,active,,,,376
752,Kathlyn,Westley,Kathlyn.Westley@Training.com,,Production,active,,,,382
753,Kristin,Hesson,Kristin.Hesson@Training.com,,Engineering,active,,,,388
754,David,Metcalf,David.Metcalf@Training.com,,Accounting,active,,,,393
755,Nicholas,Scott,Nicholas.Scott@Training.com,,Human Resources,active,,,,398
756,Harlan,Richardson,Harlan.Richardson@Training.com,,Production,active,,,,404
757,Gail,Pinheiro,Gail.Pinheiro@Training.com,,Human Resources,active,,,,420
758,Andrea,Abreu,Andrea.Abreu@Training.com,,Production,active,,,,426
759,Oscar,Wider,Oscar.Wider@Training.com,,Human Resources,active,,,,441
760,Nancy,Thacker,Nancy.Thacker@Training.com,,Marketing,active,,,,442
761,Sherry,Howell,Sherry.Howell@Training.com,,Sales,active,,,,443
762,Larry,Reader,Larry.Reader@Training.com,,IT,active,,,,445
763,Robert,Wells,Robert.Wells@Training.com,,Engineering,active,,,,449
764,Rick,Sparkman,Rick.Sparkman@Training.com,,IT,active,,,,452
765,Beverly,Mckamey,Beverly.Mckamey@Training.com,,Accounting,active,,,,456
766,Mary,Murray,Mary.Murray@Training.com,,Human Resources,active,,,,459
767,Lawrence,Motley,Lawrence.Motley@Training.com,,Engineering,active,,,,465
768,Richard,Francis,Richard.Francis@Training.com,,IT,active,,,,468
769,David,Lea,David.Lea@Training.com,,Accounting,active,,,,472
770,Opal,Silvestri,Opal.Silvestri@Training.com,,Human Resources,active,,,,477
771,Steven,Carson,Steven.Carson@Training.com,,Production,active,,,,483
772,Nathaniel,Rape,Nathaniel.Rape@Training.com,,Engineering,active,,,,489
773,Patricia,Gaines,Patricia.Gaines@Training.com,,Accounting,active,,,,494
774,Johnie,Toki,Johnie.Toki@Training.com,,Human Resources,active,,,,499
775,Loraine,Tapia,Loraine.Tapia@Training.com,,Production,active,,,,505
776,Barbara,Fullerton,Barbara.Fullerton@Training.com,,Human Resources,active,,,,521
777,Caroline,Melendez,Caroline.Melendez@Training.com,,Production,active,,,,527
778,Thomas,Roach,Thomas.Roach@Training.com,,Human Resources,active,,,,543
779,Margaret,Hurrington,Margaret.Hurrington@Training.com,,Production,active,,,,548
780,Michael,Kelley,Michael.Kelley@Training.com,,IT,active,,,,567
781,Megan,Franks,Megan.Franks@Training.com,,Human Resources,active,,,,572
782,Daniel,Chapman,Daniel.Chapman@Training.com,,Engineering,active,,,,586
783,Dollie,Lovelace,Dollie.Lovelace@Training.com,,Accounting,active,,,,591
784,Mona,Smith,Mona.Smith@Training.com,,Human Resources,active,,,,596
785,Lisa,Goode,Lisa.Goode@Training.com,,Production,inactive,,,,602
786,Benjamin,Backus,Benjamin.Backus@Training.com,,Human Resources,active,,,,618
787,Cameron,Walton,Cameron.Walton@Training.com,,Production,active,,,,624
788,Robbin,Blount,Robbin.Blount@Training.com,,Human Resources,active,,,,640
789,James,Leslie,James.Leslie@Training.com,,Production,active,,,,645
790,Rafael,Clowes,Rafael.Clowes@Training.com,,Human Resources,active,,,,662
791,Richard,Phipps,Richard.Phipps@Training.com,,Sales,active,,,,159
792,George,Swain,George.Swain@Training.com,,Engineering,active,,,,160
793,Emma,Burton,Emma.Burton@Training.com,,Marketing,active,,,,163
794,Yoshiko,Pollock,Yoshiko.Pollock@Training.com,,Human Resources,inactive,,,,173
795,Stephen,Esquilin,Stephen.Esquilin@Training.com,,Engineering,active,,,,191
796,Thomas,Cox,Thomas.Cox@Training.com,,IT,active,,,,194
797,Greg,Evans,Greg.Evans@Training.com,,Accounting,active,,,,198
798,Esteban,Martich,Esteban.Martich@Training.com,,Engineering,active,,,,209
799,Robert,Klemke,Robert.Klemke@Training.com,,Accounting,active,,,,216
800,Linda,Weems,Linda.Weems@Training.com,,Sales,active,,,,233
801,John,Starkey,John.Starkey@Training.com,,Engineering,active,,,,234
802,Susan,Baker,Susan.Baker@Training.com,,Marketing,active,,,,235
803,Michael,Fogle,Michael.Fogle@Training.com,,Sales,active,,,,236
804,Brett,Olson,Brett.Olson@Training.com,,Engineering,active,,,,238
805,Krystal,Washington,Krystal.Washington@Training.com,,Marketing,active,,,,243
806,Genevieve,Halpern,Genevieve.Halpern@Training.com,,Engineering,active,,,,246
807,Curtis,Hineline,Curtis.Hineline@Training.com,,Production,active,,,,258
808,Susan,Lagasse,Susan.Lagasse@Training.com,,Sales,active,,,,259
809,Linda,Wall,Linda.Wall@Training.com,,Engineering,active,,,,260
810,Mary,Beard,Mary.Beard@Training.com,,IT,active,,,,263
811,Larry,Garson,Larry.Garson@Training.com,,Human Resources,active,,,,272
812,Tina,Angell,Tina.Angell@Training.com,,Engineering,active,,,,278
813,Brittany,Mullenix,Brittany.Mullenix@Training.com,,Accounting,active,,,,285
814,Ashley,Adams,Ashley.Adams@Training.com,,Accounting,active,,,,307
815,Elizabeth,Tabron,Elizabeth.Tabron@Training.com,,Engineering,active,,,,330
816,Elizabeth,Dewitt,Elizabeth.Dewitt@Training.com,,Human Resources,active,,,,333
817,Cheryl,Glick,Cheryl.Glick@Training.com,,Marketing,active,,,,334
818,Helen,Dipietro,Helen.Dipietro@Training.com,,Sales,active,,,,335
819,Sandra,Vanner,Sandra.Vanner@Training.com,,IT,active,,,,338
820,Frank,Jimenez,Frank.Jimenez@Training.com,,Accounting,active,,,,340
821,Felicia,Fisher,Felicia.Fisher@Training.com,,Production,active,,,,344
822,Aaron,Espino,Aaron.Espino@Training.com,,Sales,active,,,,345
823,Donnell,Conner,Donnell.Conner@Training.com,,Engineering,active,,,,346
824,Nancy,Johnson,Nancy.Johnson@Training.com,,IT,active,,,,349
825,Erick,Grundhoefer,Erick.Grundhoefer@Training.com,,Accounting,active,,,,353
826,Deborah,Pax,Deborah.Pax@Training.com,,Human Resources,active,,,,358
827,Mathew,Keller,Mathew.Keller@Training.com,,Engineering,active,,,,364
828,Antonio,Durr,Antonio.Durr@Training.com,,IT,active,,,,367
829,Eduardo,Wescott,Eduardo.Wescott@Training.com,,Accounting,active,,,,371
830,Frank,Stumpff,Frank.Stumpff@Training.com,,Human Resources,active,,,,376
831,Elizabeth,West,Elizabeth.West@Training.com,,Production,active,,,,382
832,Joseph,Matheney,Joseph.Matheney@Training.com,,Engineering,active,,,,388
833,Cordie,Herndon,Cordie.Herndon@Training.com,,Accounting,active,,,,393
834,Lynn,Dillis,Lynn.Dillis@Training.com,,Human Resources,active,,,,398
835,Twila,Cartwright,Twila.Cartwright@Training.com,,Production,active,,,,404
836,Alma,Adleman,Alma.Adleman@Training.com,,Human Resources,active,,,,420
837,Wayne,Smith,Wayne.Smith@Training.com,,Production,active,,,,426
838,Nancy,Huff,Nancy.Huff@Training.com,,Human Resources,active,,,,441
839,Elizabeth,Tang,Elizabeth.Tang@Training.com,,Marketing,active,,,,442
840,Richard,Walton,Richard.Walton@Training.com,,Sales,active,,,,443
841,Marvin,Carson,Marvin.Carson@Training.com,,IT,active,,,,445
842,Lillian,Klein,Lillian.Klein@Training.com,,Engineering,active,,,,449
843,Paula,Mullen,Paula.Mullen@Training.com,,IT,active,,,,452
844,Jeff,Boggan,Jeff.Boggan@Training.com,,Accounting,active,,,,456
845,Christina,Waldrop,Christina.Waldrop@Training.com,,Human Resources,active,,,,459
846,Carlos,Adams,Carlos.Adams@Training.com,,Engineering,active,,,,465
847,Austin,Boswell,Austin.Boswell@Training.com,,IT,active,,,,468
848,Ronald,Land,Ronald.Land@Training.com,,Accounting,active,,,,472
849,Barbara,Lundmark,Barbara.Lundmark@Training.com,,Human Resources,active,,,,477
850,Earnest,Walker,Earnest.Walker@Training.com,,Production,active,,,,483
851,William,Rasche,William.Rasche@Training.com,,Engineering,active,,,,489
852,Mary,Rzeczycki,Mary.Rzeczycki@Training.com,,Accounting,active,,,,494
853,Doreen,Brinson,Doreen.Brinson@Training.com,,Human Resources,active,,,,499
854,John,Canevari,John.Canevari@Training.com,,Production,active,,,,505
855,Alan,Resnick,Alan.Resnick@Training.com,,Human Resources,active,,,,521
856,Kristy,Oneal,Kristy.Oneal@Training.com,,Production,active,,,,527
857,Ernest,Arnold,Ernest.Arnold@Training.com,,Human Resources,active,,,,543
858,John,Burton,John.Burton@Training.com,,Production,active,,,,548
859,Misty,Witherspoon,Misty.Witherspoon@Training.com,,IT,active,,,,567
860,Shawn,Wood,Shawn.Wood@Training.com,,Human Resources,active,,,,572
861,Judith,Schneider,Judith.Schneider@Training.com,,Engineering,active,,,,586
862,Sybil,Hernandez,Sybil.Hernandez@Training.com,,Accounting,active,,,,591
863,Mary,Edwards,Mary.Edwards@Training.com,,Human Resources,active,,,,596
864,Alan,Weilbacher,Alan.Weilbacher@Training.com,,Production,active,,,,602
865,Mary,Kunst,Mary.Kunst@Training.com,,Human Resources,active,,,,618
866,Micah,Rodriquez,Micah.Rodriquez@Training.com,,Production,active,,,,624
867,Patricia,Easley,Patricia.Easley@Training.com,,Human Resources,active,,,,640
868,Richard,Morgan,Richard.Morgan@Training.com,,Production,active,,,,645
869,Andrew,Cleavenger,Andrew.Cleavenger@Training.com,,Human Resources,active,,,,662
870,Jamie,Bloom,Jamie.Bloom@Training.com,,Accounting,active,,,,692
871,Amelia,Yoder,Amelia.Yoder@Training.com,,Human Resources,active,,,,697
872,Rodney,Burchfield,Rodney.Burchfield@Training.com,,Production,active,,,,702
873,Brenda,Highland,Brenda.Highland@Training.com,,Human Resources,active,,,,715
874,David,Perez,David.Perez@Training.com,,Production,active,,,,721
875,Evan,Parker,Evan.Parker@Training.com,,Human Resources,active,,,,737
876,Gary,Pease,Gary.Pease@Training.com,,Production,active,,,,742
877,Roy,Puga,Roy.Puga@Training.com,,Human Resources,active,,,,759
878,Robert,Mitchell,Robert.Mitchell@Training.com,,Marketing,active,,,,235
879,Shona,White,Shona.White@Training.com,,Sales,active,,,,236
880,Robert,Beasley,Robert.Beasley@Training.com,,Engineering,active,,,,238
881,Brian,Smith,Brian.Smith@Training.com,,Engineering,active,,,,246
882,Christopher,Reed,Christopher.Reed@Training.com,,Sales,active,,,,259
883,Dawn,Westfall,Dawn.Westfall@Training.com,,IT,active,,,,263
884,Dale,Prinz,Dale.Prinz@Training.com,,Human Resources,active,,,,272
885,Felicia,Lochen,Felicia.Lochen@Training.com,,Engineering,active,,,,278
886,Reba,Hebel,Reba.Hebel@Training.com,,Sales,active,,,,335
887,Letitia,Harrell,Letitia.Harrell@Training.com,,Production,active,,,,344
888,Evangeline,Williams,Evangeline.Williams@Training.com,,Accounting,active,,,,353
889,Roger,Brown,Roger.Brown@Training.com,,Human Resources,active,,,,358
890,Elmer,Doney,Elmer.Doney@Training.com,,IT,active,,,,367
891,Ira,Smith,Ira.Smith@Training.com,,Accounting,active,,,,371
892,David,Nickerson,David.Nickerson@Training.com,,Human Resources,active,,,,376
893,Christopher,Wright,Christopher.Wright@Training.com,,Production,active,,,,382
894,Cathleen,Heidinger,Cathleen.Heidinger@Training.com,,Engineering,active,,,,388
895,Daniel,Credi,Daniel.Credi@Training.com,,Accounting,active,,,,393
896,William,Froman,William.Froman@Training.com,,Human Resources,active,,,,398
897,Ben,Tousignant,Ben.Tousignant@Training.com,,Human Resources,active,,,,420
898,Patrick,Reyes,Patrick.Reyes@Training.com,,Human Resources,active,,,,441
899,Cynthia,Penrod,Cynthia.Penrod@Training.com,,Marketing,active,,,,442
900,Rita,Gentile,Rita.Gentile@Training.com,,Sales,active,,,,443
901,Carolyn,Hill,Carolyn.Hill@Training.com,,IT,inactive,,,,445
902,Kevin,Hernandez,Kevin.Hernandez@Training.com,,Engineering,active,,,,449
903,Jean,Garfield,Jean.Garfield@Training.com,,IT,active,,,,452
904,Peggy,Hunter,Peggy.Hunter@Training.com,,Accounting,active,,,,456
905,Matthew,Jones,Matthew.Jones@Training.com,,Human Resources,active,,,,459
906,Mark,Carlyon,Mark.Carlyon@Training.com,,Engineering,active,,,,465
907,Williams,Poucher,Williams.Poucher@Training.com,,IT,active,,,,468
908,Cesar,Tuttle,Cesar.Tuttle@Training.com,,Accounting,active,,,,472
909,Grace,Pearsall,Grace.Pearsall@Training.com,,Human Resources,active,,,,477
910,Michael,Winbush,Michael.Winbush@Training.com,,Production,active,,,,483
911,Pat,Raymond,Pat.Raymond@Training.com,,Engineering,active,,,,489
912,Dorothy,Page,Dorothy.Page@Training.com,,Accounting,active,,,,494
913,Lee,Dilliard,Lee.Dilliard@Training.com,,Human Resources,active,,,,499
914,Charles,Terry,Charles.Terry@Training.com,,Production,active,,,,505
915,Emily,Perkins,Emily.Perkins@Training.com,,Human Resources,active,,,,521
916,Lanette,Wilkes,Lanette.Wilkes@Training.com,,Production,active,,,,527
917,Hiram,Padmore,Hiram.Padmore@Training.com,,Human Resources,active,,,,543
918,Gene,Smith,Gene.Smith@Training.com,,Production,active,,,,548
919,Rebekah,Page,Rebekah.Page@Training.com,,IT,active,,,,567
920,Larry,Curtin,Larry.Curtin@Training.com,,Human Resources,active,,,,572
921,Charles,Johnson,Charles.Johnson@Training.com,,Engineering,active,,,,586
922,Andrea,Crumpton,Andrea.Crumpton@Training.com,,Accounting,active,,,,591
923,Harold,Hamburg,Harold.Hamburg@Training.com,,Human Resources,active,,,,596
924,Frederic,Kelley,Frederic.Kelley@Training.com,,Production,active,,,,602
925,Antoinette,Edwards,Antoinette.Edwards@Training.com,,Human Resources,active,,,,618
926,Mike,Boyd,Mike.Boyd@Training.com,,Production,active,,,,624
927,Tracy,Luffy,Tracy.Luffy@Training.com,,Human Resources,active,,,,640
928,Darlene,Colbert,Darlene.Colbert@Training.com,,Production,active,,,,645
929,June,Newell,June.Newell@Training.com,,Human Resources,active,,,,662
930,Michael,Prehn,Michael.Prehn@Training.com,,Accounting,active,,,,692
931,Kenneth,Hyman,Kenneth.Hyman@Training.com,,Human Resources,active,,,,697
932,Douglas,Gilley,Douglas.Gilley@Training.com,,Production,inactive,,,,702
933,Isis,Scott,Isis.Scott@Training.com,,Human Resources,active,,,,715
934,Antonia,Curley,Antonia.Curley@Training.com,,Production,active,,,,721
935,Jeffery,Smolen,Jeffery.Smolen@Training.com,,Human Resources,active,,,,737
936,Amanda,Kauffman,Amanda.Kauffman@Training.com,,Production,active,,,,742
937,Richard,Cannady,Richard.Cannady@Training.com,,Human Resources,active,,,,759
938,Henry,Smith,Henry.Smith1@Training.com,,Human Resources,active,,,,794
939,Kathleen,Orick,Kathleen.Orick@Training.com,,Production,active,,,,807
940,Kenneth,Lasure,Kenneth.Lasure@Training.com,,Human Resources,active,,,,816
941,Tammy,Crosby,Tammy.Crosby@Training.com,,Production,active,,,,821
942,Theresa,Severy,Theresa.Severy@Training.com,,Human Resources,active,,,,838
943,Marisa,Baier,Marisa.Baier@Training.com,,Production,active,,,,344
944,Peter,Martel,Peter.Martel@Training.com,,Accounting,active,,,,353
945,Cheryl,Urias,Cheryl.Urias@Training.com,,IT,active,,,,367
946,Charles,Lorenzo,Charles.Lorenzo@Training.com,,Accounting,active,,,,371
947,Joseph,Eckerson,Joseph.Eckerson@Training.com,,Production,active,,,,382
948,Stephen,Greb,Stephen.Greb@Training.com,,Accounting,inactive,,,,393
949,Michael,Somogyi,Michael.Somogyi@Training.com,,Human Resources,active,,,,398
950,Carlos,Ratliff,Carlos.Ratliff@Training.com,,Human Resources,active,,,,420
951,Lamont,Lewis,Lamont.Lewis@Training.com,,Human Resources,active,,,,441
952,Jaqueline,Forsythe,Jaqueline.Forsythe@Training.com,,Marketing,active,,,,442
953,John,Johnson,John.Johnson@Training.com,,Sales,active,,,,443
954,Eileen,Fair,Eileen.Fair@Training.com,,IT,active,,,,445
955,Jane,Meier,Jane.Meier@Training.com,,Engineering,active,,,,449
956,Steven,Blanchard,Steven.Blanchard@Training.com,,IT,active,,,,452
957,David,Wehrenberg,David.Wehrenberg@Training.com,,Human Resources,active,,,,459
958,Erin,Schwartz,Erin.Schwartz@Training.com,,Engineering,active,,,,465
959,Kevin,Buckingham,Kevin.Buckingham@Training.com,,Accounting,active,,,,472
960,Benjamin,Gullett,Benjamin.Gullett@Training.com,,Human Resources,active,,,,477
961,Howard,Spann,Howard.Spann@Training.com,,Production,active,,,,483
962,Kristin,Weathers,Kristin.Weathers@Training.com,,Engineering,active,,,,489
963,Ruth,Flores,Ruth.Flores@Training.com,,Accounting,active,,,,494
964,Rebecca,Morrison,Rebecca.Morrison@Training.com,,Human Resources,active,,,,499
965,Ossie,Waddell,Ossie.Waddell@Training.com,,Human Resources,active,,,,521
966,William,Wells,William.Wells@Training.com,,Production,active,,,,527
967,Jeanne,Peacemaker,Jeanne.Peacemaker@Training.com,,Human Resources,active,,,,543
968,Opal,Sloan,Opal.Sloan@Training.com,,Production,active,,,,548
969,Tim,Brown,Tim.Brown@Training.com,,IT,active,,,,567
970,Felipe,Saville,Felipe.Saville@Training.com,,Human Resources,active,,,,572
971,Barbara,Allison,Barbara.Allison@Training.com,,Engineering,active,,,,586
972,David,Vega,David.Vega@Training.com,,Accounting,active,,,,591
973,Leo,Chronis,Leo.Chronis@Training.com,,Human Resources,active,,,,596
974,Emma,Hyatt,Emma.Hyatt@Training.com,,Production,active,,,,602
975,Gloria,Edwards,Gloria.Edwards@Training.com,,Human Resources,active,,,,618
976,Joan,Flink,Joan.Flink@Training.com,,Production,active,,,,624
977,John,Long,John.Long@Training.com,,Human Resources,active,,,,640
978,Bertha,Luttrell,Bertha.Luttrell@Training.com,,Production,active,,,,645
979,Donald,Abrams,Donald.Abrams@Training.com,,Human Resources,active,,,,662
980,Charles,Rodriguez,Charles.Rodriguez@Training.com,,Accounting,active,,,,692
981,Eugene,Ashcraft,Eugene.Ashcraft@Training.com,,Human Resources,active,,,,697
982,Thomas,Caban,Thomas.Caban@Training.com,,Production,active,,,,702
983,Daniel,Baker,Daniel.Baker@Training.com,,Human Resources,active,,,,715
984,Rosa,Gamble,Rosa.Gamble@Training.com,,Production,active,,,,721
985,Sara,Crisp,Sara.Crisp@Training.com,,Human Resources,active,,,,737
986,Jonathan,Williams,Jonathan.Williams@Training.com,,Production,active,,,,742
987,Linda,Dunn,Linda.Dunn@Training.com,,Human Resources,active,,,,759
988,Virginia,Smith,Virginia.Smith@Training.com,,Human Resources,active,,,,794
989,Ruby,Blair,Ruby.Blair@Training.com,,Production,active,,,,807
990,Todd,Orphey,Todd.Orphey@Training.com,,Human Resources,active,,,,816
991,Kelly,Haynes,Kelly.Haynes@Training.com,,Production,active,,,,821
992,Nathan,Lozada,Nathan.Lozada@Training.com,,Human Resources,active,,,,838
993,Helen,Miller,Helen.Miller@Training.com,,Production,active,,,,887
994,Betty,Clausen,Betty.Clausen@Training.com,,Human Resources,active,,,,898
995,Robert,Mcafee,Robert.Mcafee@Training.com,,Sales,active,,,,443
996,Darrick,Pitts,Darrick.Pitts@Training.com,,Engineering,active,,,,449
997,Donald,Brasher,Donald.Brasher@Training.com,,IT,active,,,,452
998,William,Dilbeck,William.Dilbeck@Training.com,,Human Resources,active,,,,459
999,Aurora,Coleman,Aurora.Coleman@Training.com,,Accounting,active,,,,472
1000,James,Angelovich,James.Angelovich@Training.com,,Human Resources,inactive,,,,499
1001,Lola,Boardman,Lola.Boardman@Training.com,,Human Resources,active,,,,521
1002,James,Dunkley,James.Dunkley@Training.com,,Production,active,,,,602
1003,Delores,Mckenize,Delores.Mckenize@Training.com,,Human Resources,active,,,,618
1004,Ann,Perry,Ann.Perry@Training.com,,Production,active,,,,624
1005,Sherry,Church,Sherry.Church@Training.com,,Human Resources,active,,,,640
1006,Stephen,Shryock,Stephen.Shryock@Training.com,,Production,active,,,,645
1007,Andrew,Carney,Andrew.Carney@Training.com,,Accounting,active,,,,692
1008,Shirley,Brown,Shirley.Brown@Training.com,,Human Resources,active,,,,697
1009,Flora,Turner,Flora.Turner@Training.com,,Production,active,,,,702
1010,Jane,Morales,Jane.Morales@Training.com,,Human Resources,active,,,,715
1011,Cordelia,Barbour,Cordelia.Barbour@Training.com,,Production,active,,,,721
1012,Curtis,Redhead,Curtis.Redhead@Training.com,,Human Resources,active,,,,737
1013,Oscar,Corpus,Oscar.Corpus@Training.com,,Production,active,,,,742
1014,Robert,Manning,Robert.Manning@Training.com,,Human Resources,active,,,,759
1015,Lorraine,Galinis,Lorraine.Galinis@Training.com,,Human Resources,active,,,,794
1016,Kenneth,Short,Kenneth.Short@Training.com,,Production,active,,,,807
1017,Frances,Scott,Frances.Scott@Training.com,,Human Resources,active,,,,816
1018,James,Poulos,James.Poulos@Training.com,,Production,active,,,,821
1019,Angela,Kervin,Angela.Kervin@Training.com,,Human Resources,active,,,,838
1020,Emma,Petersen,Emma.Petersen@Training.com,,Production,active,,,,887
1021,George,Jacobo,George.Jacobo@Training.com,,Human Resources,active,,,,898
1022,William,Vera,William.Vera@Training.com,,Production,active,,,,943
1023,Russell,Carey,Russell.Carey@Training.com,,Human Resources,active,,,,951
1024,Jeremiah,Lumley,Jeremiah.Lumley@Training.com,,Production,active,,,,602
1025,Rodney,Popp,Rodney.Popp@Training.com,,Human Resources,active,,,,640
1026,Jennifer,Wilson,Jennifer.Wilson@Training.com,,Production,active,,,,645
1027,Elizabeth,Givens,Elizabeth.Givens@Training.com,,Human Resources,active,,,,697
1028,Charles,Carroll,Charles.Carroll@Training.com,,Human Resources,active,,,,715
1029,Mona,Carideo,Mona.Carideo@Training.com,,Human Resources,active,,,,737
1030,Keith,Tarkington,Keith.Tarkington@Training.com,,Production,active,,,,742
1031,Ashley,Servin,Ashley.Servin@Training.com,,Human Resources,active,,,,759
1032,Virginia,Kitchin,Virginia.Kitchin@Training.com,,Human Resources,active,,,,794
1033,Eunice,Hines,Eunice.Hines@Training.com,,Production,active,,,,807
1034,Leann,Farrell,Leann.Farrell@Training.com,,Human Resources,active,,,,816
1035,Louis,Day,Louis.Day@Training.com,,Production,active,,,,821
1036,Irene,Reed,Irene.Reed@Training.com,,Human Resources,active,,,,838
1037,Melvin,Mitchell,Melvin.Mitchell@Training.com,,Production,active,,,,887
1038,Bernard,Tate,Bernard.Tate@Training.com,,Human Resources,active,,,,898
1039,Lana,Lawrence,Lana.Lawrence@Training.com,,Production,active,,,,943
1040,Philip,Lonergan,Philip.Lonergan@Training.com,,Human Resources,active,,,,951
1041,Samuel,Ruiz,Samuel.Ruiz@Training.com,,Human Resources,active,,,,697
1042,Michelle,Blackburn,Michelle.Blackburn@Training.com,,Human Resources,active,,,,715
1043,Carmen,Juarez,Carmen.Juarez@Training.com,,Production,active,,,,742
1044,Loretta,Perry,Loretta.Perry@Training.com,,Human Resources,active,,,,759
1045,Anthony,Reed,Anthony.Reed@Training.com,,Human Resources,active,,,,794
1046,Nicole,Mills,Nicole.Mills@Training.com,,Production,active,,,,807
1047,Robin,Klein,Robin.Klein@Training.com,,Human Resources,active,,,,816
1048,Gloria,Bergstresser,Gloria.Bergstresser@Training.com,,Production,active,,,,821
1049,Deborah,Lehman,Deborah.Lehman@Training.com,,Human Resources,active,,,,838
1050,Randall,Gates,Randall.Gates@Training.com,,Production,active,,,,887
1051,Sandra,Beeler,Sandra.Beeler@Training.com,,Human Resources,active,,,,898
1052,Mark,Buchanan,Mark.Buchanan@Training.com,,Production,active,,,,943
1053,Harold,Snyder,Harold.Snyder@Training.com,,Human Resources,active,,,,951
1054,Leo,Gerber,Leo.Gerber@Training.com,,Human Resources,inactive,,,,794
1055,Maria,Altman,Maria.Altman@Training.com,,Production,active,,,,807
1056,Lawrence,Giorgi,Lawrence.Giorgi@Training.com,,Production,active,,,,821
1057,Marie,Thurman,Marie.Thurman@Training.com,,Human Resources,active,,,,898
1058,Barbara,Knight,Barbara.Knight@Training.com,,Production,active,,,,943
1059,Bobbie,Howard,Bobbie.Howard@Training.com,,Human Resources,active,,,,951
1060,Michael,From,Michael.From@Training.com,,Production,inactive,,,,943